AUSTIN TOP KEYWORDS (1412 JOBS),COUNT
java,914
javascript,607
sql,597
python,530
aws,524
salesforce,387
api,380
react,353
apis,340
.net,327
rest,322
devops,299
c#,296
angular,274
git,273
power,239
css,238
html,231
c++,208
docker,203
c,190
mysql,128
ruby,108
node.js,108
bi,108
js,106
mongodb,94
jquery,91
php,91
apex,80
html5,80
nodejs,78
node,66
r,63
angularjs,58
shell,57
reactjs,50
kotlin,48
bash,43
css3,43
swift,41
react.js,40
scala,37
powershell,25
rust,22
objective-c,17
assembly,17
ssis,16
powerbi,15
vhdl,14
ssrs,12
lua,8
verilog,8
fortran,3
vba,3
postgressql,2
asm,1
