CHARLOTTE TOP KEYWORDS (868 JOBS),COUNT
java,766
sql,623
javascript,347
api,328
aws,287
angular,284
python,278
.net,270
rest,232
apis,212
react,206
devops,180
salesforce,175
c#,152
css,149
power,134
git,129
html,123
bi,104
apex,95
html5,84
mongodb,83
docker,64
js,59
jquery,55
shell,54
css3,54
php,51
node.js,48
c,40
c++,38
node,36
ssis,36
mysql,33
scala,32
nodejs,30
angularjs,28
swift,26
reactjs,22
r,22
kotlin,21
powershell,21
ruby,21
bash,15
ssrs,12
powerbi,11
react.js,10
objective-c,4
vba,3
rust,2
assembly,2
lua,1
fortran,1
