CHARLOTTE TOP 250 WORDS (868 JOBS),COUNT
experience,5594
development,2296
work,2113
business,1907
data,1863
team,1770
years,1682
skills,1637
design,1352
solutions,1334
other,1247
software,1237
requirements,1199
developer,1196
job,1188
knowledge,1187
technology,1161
technical,1140
services,1071
ability,1019
application,967
support,938
required,937
opportunity,908
working,899
applications,870
using,827
management,816
including,788
strong,767
java,766
position,759
must,753
information,741
qualifications,729
new,713
environment,706
systems,690
status,687
agile,672
company,667
product,659
tools,655
employment,644
engineering,629
sql,623
bestco,618
technologies,615
more,615
responsibilities,611
equal,595
cloud,592
charlotte,589
develop,588
testing,583
teams,579
understanding,574
employer,572
project,570
web,567
code,567
ensure,566
process,555
description,554
practices,554
products,547
quality,541
able,536
responsible,529
test,526
such,520
role,515
related,511
financial,510
through,496
degree,496
communication,495
digital,494
delivery,492
time,492
disability,489
industry,488
complex,487
preferred,480
help,475
build,474
provide,463
integration,462
about,455
building,454
protected,451
applicants,446
needs,445
best,442
architecture,441
customer,441
opportunities,436
clients,432
computer,431
client,423
high,423
gender,423
contract,420
projects,411
production,407
may,406
across,404
developing,401
platform,401
within,398
level,391
career,385
full,385
customers,381
apply,380
processes,372
benefits,371
service,371
location,367
lead,364
good,363
organization,363
performance,362
please,360
system,360
veteran,360
group,359
age,358
looking,358
one,355
employees,355
identity,354
enterprise,349
national,349
javascript,347
orientation,345
microsoft,344
create,342
sexual,342
program,341
deliver,339
programming,337
north,335
like,329
api,328
education,328
problems,327
science,326
strategic,325
race,325
issues,324
part,319
automation,317
standards,315
but,314
carolina,314
based,312
people,312
into,309
senior,306
programs,306
excellent,305
origin,305
spring,304
they,302
meet,302
both,302
implementation,298
minimum,298
global,296
religion,296
without,294
multiple,290
manufacturing,290
health,290
genesis10,289
analysis,288
field,288
aws,287
also,287
experienced,286
innovative,285
employee,284
angular,284
activities,281
written,280
developers,280
life,279
solution,278
python,278
learn,276
following,274
duties,273
.net,270
candidate,270
perform,269
leading,267
insurance,267
frameworks,266
security,263
highly,263
color,262
oracle,262
make,262
expertise,261
database,261
partners,260
end,259
summary,254
qualified,253
stack,252
plus,251
drive,250
unit,250
continuous,250
functions,249
platforms,248
key,248
maintain,246
members,244
etc,243
designs,242
engineer,241
provides,240
goals,239
use,237
documentation,237
should,236
competitive,235
which,235
framework,235
communicate,234
rest,232
operations,232
consumer,231
year,230
procedures,229
want,228
sex,228
user,227
where,227
server,227
include,226
machine,226
currently,225
seeking,225
join,224
professional,223
offer,221
understand,220
