CHICAGO TOP KEYWORDS (1641 JOBS),COUNT
sql,954
java,943
salesforce,874
javascript,776
aws,516
apis,483
react,444
python,420
api,398
css,388
power,374
.net,372
html,368
rest,348
angular,308
devops,289
c#,269
git,261
apex,210
bi,204
docker,163
js,137
ruby,137
c,134
html5,132
php,130
mysql,117
node.js,108
nodejs,93
c++,87
r,86
jquery,83
ssis,83
shell,81
mongodb,74
css3,69
angularjs,64
kotlin,64
reactjs,63
ssrs,62
scala,57
swift,55
node,55
bash,51
powershell,38
react.js,37
powerbi,24
objective-c,22
rust,19
assembly,12
vba,7
postgressql,3
fortran,2
lua,1
