COLUMBUS TOP 50 WORDS (449 JOBS),COUNT
experience,2442
development,1389
business,1234
team,1105
work,1068
software,1055
solutions,915
design,833
technology,779
skills,766
knowledge,734
data,708
other,673
management,651
years,631
technical,617
systems,606
including,594
working,559
developer,554
job,540
application,527
support,526
applications,523
disability,494
ability,491
requirements,475
gender,473
opportunity,472
status,451
services,448
practices,447
banking,447
strong,436
financial,433
information,419
tools,414
about,412
protected,408
new,403
employer,401
required,380
equal,377
understanding,374
environment,373
technologies,370
develop,367
teams,362
small,362
best,360
