LOS ANGELES TOP KEYWORDS (1637 JOBS),COUNT
sql,625
aws,545
python,491
javascript,456
java,450
salesforce,426
c++,325
apis,308
api,299
devops,296
.net,263
react,259
power,258
html,232
css,225
c,222
c#,221
angular,218
rest,195
git,147
apex,146
docker,118
bi,110
ruby,100
node.js,95
mysql,93
php,92
jquery,90
html5,88
js,80
mongodb,72
node,66
r,64
ssis,63
assembly,61
css3,57
ssrs,53
kotlin,49
bash,42
swift,42
powershell,37
react.js,29
nodejs,29
reactjs,24
shell,21
angularjs,20
scala,18
rust,16
powerbi,14
verilog,14
vhdl,13
vba,10
objective-c,8
lua,7
fortran,3
