OKLAHOMA CITY TOP 250 WORDS (149 JOBS),COUNT
experience,582
fitness,452
development,331
work,315
skills,313
must,272
united,267
planet,267
ability,266
team,263
environment,251
business,250
software,249
members,224
new,216
hotel,213
other,204
developer,201
job,199
omni,179
opportunity,176
able,171
service,171
required,169
management,157
strong,157
high,152
years,151
oklahoma,151
design,149
more,147
data,147
understanding,147
requirements,146
city,144
using,142
including,135
ensure,134
company,133
about,132
club,132
may,128
solutions,126
square,125
million,125
support,123
working,121
employment,120
technical,118
physical,117
food,116
center,116
000,114
position,112
responsibilities,111
systems,111
tools,105
member,105
than,104
time,104
clubs,104
knowledge,102
its,99
marketing,99
procedures,98
demands,98
them,98
maintain,97
park,97
people,96
american,96
degree,95
application,94
need,94
clean,93
hotels,93
role,92
following,92
customer,92
guests,92
within,91
resorts,91
provide,90
services,89
projects,88
web,88
states,88
information,87
leadership,87
foot,87
manager,85
testing,85
anyone,85
stores,84
preferred,83
build,83
equipment,83
help,82
applications,82
bar,82
but,81
restaurant,81
200,81
where,80
project,80
largest,80
which,79
also,79
space,79
qualifications,76
benefits,76
develop,75
multiple,75
needed,75
use,74
product,74
technologies,73
across,73
sql,73
standards,73
technology,72
responsible,72
outdoor,72
computer,71
join,71
providing,71
based,70
one,70
because,70
modern,70
convention,70
best,69
perform,69
such,68
equal,68
education,68
under,68
travel,67
assist,67
free,67
shop,67
description,66
training,66
salesforce,65
employer,64
rarely,64
professional,63
system,63
status,63
you'll,63
through,63
end,63
department,62
special,62
part,62
mission,62
brand,62
outlet,62
house,62
additional,61
programming,61
disability,61
teams,61
code,61
every,61
communication,61
functions,61
equivalent,61
cloud,60
employees,60
customers,60
leading,60
apply,60
fun,60
lives,60
guest,60
minimum,59
performance,59
when,59
communicate,59
lead,59
email,59
please,57
expert,57
available,57
growing,57
platform,57
paycom,56
love,56
complete,56
retail,56
like,55
duties,55
written,55
test,55
includes,55
office,55
market,55
operator,55
live,54
current,54
value,54
supplies,54
trucking,54
place,53
agile,53
assistance,53
without,53
while,53
quality,53
program,53
meeting,53
ballroom,53
collaborate,52
companies,52
goals,52
javascript,52
engineering,52
texas,52
markets,52
ranging,52
requires,51
programs,51
certification,51
related,51
reports,51
excellent,51
want,51
then,51
billion,51
make,50
practices,50
deliver,50
looking,50
love's,50
identify,50
passion,50
owned,50
securities,50
impact,49
here,49
day,49
assigned,49
lifting,49
event,49
career,48
some,48
passionate,48
push,48
processes,47
