TOP KEYWORDS OVERALL (27242 JOBS),COUNT
java,17291
sql,13707
aws,11478
javascript,10729
python,8332
salesforce,7643
apis,7122
api,6982
react,6226
.net,6126
angular,5727
rest,5677
power,5448
c#,5215
devops,5138
css,4976
html,4539
git,4270
c++,3405
docker,3030
bi,2581
c,2538
apex,2211
jquery,1896
html5,1856
mysql,1790
node.js,1783
js,1752
php,1705
ruby,1539
shell,1340
r,1339
nodejs,1262
mongodb,1250
node,1031
css3,991
kotlin,893
swift,871
scala,794
reactjs,784
angularjs,748
ssis,744
bash,673
powershell,613
ssrs,572
react.js,519
assembly,448
powerbi,303
objective-c,296
rust,262
vba,179
postgressql,50
verilog,49
vhdl,47
lua,44
fortran,33
asm,6
