TOP 100 WORDS OVERALL (60 JOBS),COUNT
experience,249
work,158
development,147
team,129
data,115
software,113
new,96
design,91
skills,84
developer,83
working,76
job,71
technical,71
knowledge,69
business,67
code,62
application,60
develop,59
years,59
requirements,57
solutions,56
ability,55
other,55
more,54
opportunity,54
about,53
applications,49
technology,49
company,49
technologies,47
health,47
tools,47
services,47
project,47
platform,46
information,44
position,42
engineering,42
employment,42
best,41
responsibilities,41
people,41
strong,40
status,40
understanding,39
one,38
such,38
role,38
through,37
support,36
environment,36
systems,35
developing,34
developers,34
full,33
sql,33
agile,33
web,33
testing,32
etl,32
across,32
documentation,31
good,31
using,31
teams,31
required,31
.net,31
benefits,31
complex,30
community,30
architecture,30
provide,30
build,30
including,30
building,30
world,29
learn,29
product,29
may,28
must,28
looking,28
existing,28
plan,28
use,27
communication,27
standards,26
time,26
medical,26
adp,26
vanderbilt,25
make,25
day,25
where,25
related,25
within,25
also,25
performance,25
training,25
education,24
qualifications,24
