ALABAMA TOP 500 WORDS (413 JOBS),COUNT
experience,2104
software,1160
development,1063
work,993
required,780
team,777
other,765
business,745
systems,743
support,705
more,704
technologies,649
skills,646
years,634
design,631
aerospace,624
ability,618
requirements,612
including,580
engineering,577
management,572
solutions,567
must,548
insurance,542
data,523
knowledge,516
degree,514
may,510
new,506
developer,500
collins,486
employees,474
information,465
company,438
environment,433
opportunity,433
employer,433
job,430
technical,429
working,422
program,411
applications,408
disability,400
status,396
customers,395
tools,389
system,387
qualifications,381
security,379
services,374
than,374
employment,361
products,354
position,345
united,343
u.s,337
clearance,330
using,330
quality,328
related,327
application,326
strong,322
raytheon,312
technology,311
life,311
customer,310
computer,308
advanced,308
develop,305
provide,301
process,298
fitness,294
national,293
drug,293
responsibilities,292
benefits,291
best,289
industry,287
include,286
equal,283
such,280
screen,278
which,271
policy,269
defense,266
meet,264
members,263
join,260
able,260
gender,259
plan,259
applicants,257
leader,257
project,255
product,250
color,249
background,248
integration,247
create,246
global,245
protected,245
developing,243
critical,242
identity,241
analysis,241
web,239
assistance,239
origin,238
veteran,238
race,235
orientation,234
preferred,233
without,232
sexual,232
religion,231
training,231
qualified,230
challenges,230
ensure,228
employee,228
age,228
processes,228
understanding,224
about,222
planning,218
most,218
action,217
service,217
code,216
sex,216
testing,216
help,213
high,212
safety,211
includes,211
looking,210
every,210
states,207
innovation,207
use,206
vision,204
test,204
basic,203
within,202
opportunities,201
medical,201
leading,201
based,200
maintain,199
science,199
secret,198
relevant,198
expertise,197
check,195
when,194
part,193
ideas,193
minimum,193
competitive,192
time,192
culture,188
candidate,188
additional,188
structures,187
where,187
projects,186
build,186
through,186
market,186
terms,185
nacelle,184
planet,184
duties,182
education,182
innovative,180
need,180
drives,179
agile,178
we’re,178
role,177
operations,177
activities,177
regard,176
java,176
require,175
stopping,175
across,174
mission,174
nacelles,174
sql,173
health,173
location,172
receive,171
deliver,171
communication,171
toughest,171
huntsville,170
government,169
level,169
affirmative,169
world,169
description,169
programming,168
field,168
external,167
platforms,167
perform,167
engineer,165
improve,163
needs,161
consideration,160
only,160
performance,159
apply,159
organization,159
people,158
make,157
committed,156
we're,155
full,154
results,153
capabilities,153
aircraft,153
responsible,152
comprehensive,152
solve,151
positions,151
office,150
doctor,150
both,149
procedures,149
manufacturing,149
success,148
day,147
one,146
space,146
desired,145
demands,145
providing,144
production,144
but,144
teams,143
power,143
learn,142
read,142
issues,140
documentation,139
want,139
federal,138
plans,138
control,138
them,137
professional,136
obtain,136
career,136
like,135
programs,135
dental,135
portfolio,135
components,134
addition,133
been,133
class,133
senior,132
participate,132
efficient,131
also,131
database,131
access,130
end,130
area,129
package,129
implementation,128
practices,128
microsoft,127
travel,127
lead,127
cloud,126
internal,126
problems,126
commercial,126
bachelor's,125
year,125
free,125
provides,124
equipment,124
javascript,124
some,124
workplace,124
many,124
reports,123
share,123
assist,122
hire,122
supply,122
bachelor’s,121
equivalent,121
sap,121
plus,120
implement,119
current,119
citizenship,119
family,119
privacy,119
air,119
foley,119
they,118
while,118
date,118
improvement,118
workforce,118
hardware,117
you’ll,117
please,117
believe,117
following,116
intelligence,116
existing,116
enable,116
individual,116
assigned,115
group,115
journey,114
used,112
certification,112
into,112
architecture,112
vaccination,112
member,112
leadership,112
continuous,111
demand,111
school,111
hours,110
approaches,110
primary,110
written,110
coverage,110
person,110
identify,109
sangoma,109
note,108
reimbursement,107
offer,107
prior,107
python,107
today,107
generation,107
america,107
efficiency,106
reviews,106
evolving,106
manufacture,106
supporting,105
performed,105
delivery,105
manager,105
active,104
sharepoint,104
next,104
communicate,103
fostering,103
manufacturer,103
maintenance,102
diversity,102
federally,102
401,101
division,101
complex,101
seeking,101
inclusion,101
posted,101
site,100
operating,100
.net,100
platform,100
review,100
vacation,100
linux,100
value,100
strategy,100
tuition,99
server,99
country,99
tool,99
physical,99
regional,99
rapidly,99
reduce,98
tasks,98
etc,98
generous,98
important,98
limitless,98
paths,98
excellent,97
drive,97
multiple,97
successful,97
usa,97
diploma,97
commitments,97
possibility,97
aerostructures,97
composite,97
highly,96
sales,96
intelligent,96
pave,96
redefining,96
infrastructure,95
alabama,95
home,95
limited,95
user,94
personal,94
accommodation,94
client,94
whether,94
engine,94
good,93
complete,93
retirement,93
matters,93
million,93
under,93
click,93
change,92
dod,92
manage,92
high-performance,92
benefit,92
digital,91
functional,91
each,91
familiarity,91
saic,91
hard,91
parts,91
featured,91
languages,90
developers,90
requires,90
hired,90
functions,89
applicable,89
assurance,89
tackle,89
diverse,89
newest,89
pushing,89
marine,89
fuel,89
airplane,89
engines,89
noise,89
there,89
take,88
understand,88
incentives,88
engineers,87
various,87
ethical,87
technologically,87
aerodynamic,87
house,87
lands,87
game-changing,87
jet,87
greener,87
quieter,87
engineered,87
polymer,87
elastomeric,87
underwater,87
limits,87
language,86
passion,86
techniques,86
dynamic,86
its,86
legal,86
enterprise,86
income,86
small,86
three,86
permanent,86
west,86
offers,85
solution,85
compliance,85
specifications,85
schedule,85
1300,85
fern,85
ave,85
36535,85
nothing,85
u.s.,85
re-hires,85
