ALABAMA TOP KEYWORDS (413 JOBS),COUNT
java,176
sql,173
power,143
javascript,124
python,107
.net,100
c#,83
c++,78
git,74
react,66
aws,64
c,63
html,62
angular,62
css,55
apis,53
devops,51
docker,49
assembly,49
api,43
apex,30
rest,29
bi,26
jquery,24
mysql,24
bash,21
salesforce,20
html5,19
nodejs,19
php,18
mongodb,16
powershell,14
ssrs,13
node.js,12
shell,11
r,11
js,11
ruby,10
css3,9
ssis,9
angularjs,9
reactjs,5
rust,5
fortran,4
node,3
powerbi,3
react.js,2
vba,1
swift,1
kotlin,1
scala,1
vhdl,1
verilog,1
