ALASKA TOP 500 WORDS (87 JOBS),COUNT
experience,304
development,152
skills,142
work,126
knowledge,120
job,101
developer,98
solutions,95
design,92
technical,85
years,82
including,81
enterprise,79
required,76
dental,76
business,72
data,70
must,65
team,64
ability,63
working,63
using,61
support,61
web,58
java,57
systems,56
information,56
requirements,55
system,54
staff,54
strong,53
other,53
testing,52
management,51
applications,51
preferred,50
training,50
services,49
health,49
program,49
location,48
technologies,46
salesforce,45
residents,45
understanding,43
professional,43
performance,42
skill,42
education,42
provide,40
alaska,40
software,39
computer,39
duties,39
position,38
developing,38
may,38
cloud,37
degree,37
certified,36
project,36
ensure,36
sql,35
analysis,35
application,35
contract,34
responsibilities,33
product,33
learning,33
programming,32
multiple,32
code,32
certification,32
high,32
based,32
one,31
tools,31
description,31
practices,31
facility,31
good,30
inc,30
reports,30
service,30
minimum,30
rest,30
api,30
role,29
building,29
related,29
communication,29
time,29
perform,29
activities,29
more,28
environment,27
spring,27
test,27
create,27
security,27
appropriate,27
functional,26
implementation,26
integration,26
level,26
standards,26
when,26
.net,25
email,25
new,25
etc,25
programs,25
benefits,25
like,24
deployment,24
javascript,24
solution,24
into,24
issues,24
complex,24
written,24
technology,24
about,24
servicenow,24
procedures,23
best,23
develop,23
needed,23
core,23
opportunity,23
field,23
projects,22
client,22
such,22
user,22
used,22
employment,22
resident,22
etl,21
framework,21
lead,21
should,21
teams,21
company,21
maintain,21
within,21
senior,21
able,21
platform,21
through,21
prepares,21
maintains,21
recruiter,20
duration,20
customer,20
principles,20
please,20
unit,20
needs,20
documentation,20
understand,20
manner,20
advanced,20
engineer,20
community,20
regards,19
process,19
title,19
year,19
problems,19
responsible,19
necessary,19
processes,19
schedule,19
engineering,19
demonstrated,19
qualifications,19
quality,18
agile,18
science,18
automation,18
git,18
meet,18
provides,18
various,18
looking,18
custom,18
hours,18
identify,18
status,18
across,17
least,17
type,17
apis,17
excellent,17
react,17
assigned,17
azure,17
life,17
power,17
oral,17
equal,17
raytheon,17
assists,17
participates,17
expertise,16
include,16
these,16
familiarity,16
techniques,16
full,16
additional,16
key,16
production,16
plans,16
offer,16
equivalent,16
control,16
during,16
employees,16
searhc,16
air,16
conducts,16
messari,16
assisting,16
angular,15
css,15
experienced,15
desk,15
months,15
databases,15
sharma,15
which,15
problem,15
reporting,15
participate,15
some,15
planning,15
develops,15
while,15
basis,15
troubleshooting,14
subject,14
current,14
architecture,14
database,14
remote,14
organizational,14
roles,14
take,14
levels,14
documents,14
following,14
providing,14
soap,14
clients,14
workflows,14
than,14
leadership,14
policies,14
help,14
action,14
vision,14
treatment,14
employer,14
safety,14
content,14
000,14
radiographs,14
expert,13
records,13
thanks,13
writing,13
html,13
tasks,13
make,13
analyze,13
e.g,13
communicate,13
users,13
plan,13
follow,13
infrastructure,13
components,13
delivery,13
incident,13
state,13
organization,13
disability,13
employee,13
consortium,13
directs,13
course,13
electronic,13
maintaining,13
patient,13
patients,13
guidance,12
members,12
e-mail,12
products,12
coding,12
build,12
plus,12
microservices,12
they,12
addresses,12
frameworks,12
platforms,12
effective,12
industry,12
basic,12
regarding,12
server,12
functions,12
intelligence,12
identifying,12
professionals,12
bachelor's,12
national,12
anthc,12
applicable,12
crypto,12
operatory,12
proper,12
relevant,11
large,11
json,11
boot,11
analytical,11
candidate,11
rules,11
people,11
but,11
need,11
recommendations,11
primary,11
developers,11
impact,11
stack,11
day,11
engagements,11
goals,11
under,11
each,11
them,11
protocol,11
requires,11
store,11
informatica,11
network,11
been,11
recruitment,11
guide,11
paid,11
southeast,11
performs,11
area,11
division,11
school,11
hand,11
infection,11
post,10
tuning,10
concepts,10
typescript,10
financial,10
major,10
end,10
both,10
aws,10
e-mails,10
patterns,10
completion,10
mandatory,10
managers,10
effectively,10
timely,10
comprehensive,10
opportunities,10
sales,10
contact,10
maintenance,10
individual,10
manage,10
conduct,10
capabilities,10
specific,10
correct,10
u.s,10
questions,10
insurance,10
committed,10
without,10
gender,10
identity,10
results,10
successful,10
meetings,10
off,10
consultant,10
space,10
customers,10
verification,10
tribal,10
e-learning,10
behavior,10
diploma,10
assistant,10
certificate,10
home,10
direct,9
model,9
release,9
details,9
verbal,9
now,9
android,9
methodologies,9
mobile,9
also,9
cell,9
jobs,9
solid,9
top,9
progress,9
changes,9
dashboards,9
creating,9
models,9
supervision,9
change,9
throughout,9
department,9
resolve,9
suite,9
value,9
etc.,9
specifications,9
checklist,9
fix,9
graphql,9
physical,9
akraya,9
many,9
selection,9
orientation,9
improve,9
per,9
prepare,9
preparing,9
conducting,9
weekly,9
front-end,9
join,9
places,9
front,9
upon,9
long,9
delivering,9
instructional,9
monitors,9
qualification,9
manager,9
visits,9
sumit,8
kumar,8
below,8
visualization,8
sources,8
monitoring,8
interview,8
takes,8
independently,8
save,8
interested,8
native,8
tests,8
anjali,8
sr.technical,8
510-319-2241,8
drive,8
write,8
monitor,8
analysts,8
existing,8
node,8
positions,8
version,8
requests,8
document,8
review,8
given,8
requirement,8
world,8
charts,8
apex,8
limits,8
resume,8
limited,8
