COLORADO TOP KEYWORDS (1551 JOBS),COUNT
java,708
aws,640
sql,606
javascript,541
apis,522
python,507
rest,460
power,437
api,393
devops,371
salesforce,363
react,327
.net,292
c#,269
git,262
css,237
html,234
angular,234
docker,216
c++,207
c,164
ruby,130
bi,126
r,104
mysql,98
jquery,95
apex,93
node.js,92
js,88
php,77
shell,71
swift,69
nodejs,64
bash,64
html5,61
mongodb,56
node,55
kotlin,54
powershell,51
angularjs,46
scala,40
css3,34
ssis,28
ssrs,26
reactjs,25
objective-c,21
react.js,17
assembly,15
powerbi,13
vba,11
rust,8
postgressql,6
lua,1
