MASSACHUSETTS TOP KEYWORDS (1774 JOBS),COUNT
java,866
sql,855
aws,716
python,560
javascript,553
apis,495
salesforce,487
power,408
api,404
react,379
c#,299
devops,288
css,273
.net,266
rest,260
c++,253
angular,252
git,239
html,221
docker,201
r,192
c,190
node.js,132
apex,123
mysql,115
bi,110
php,109
html5,106
ruby,96
js,82
jquery,78
swift,70
nodejs,66
shell,60
mongodb,60
css3,58
node,51
reactjs,48
bash,47
scala,44
react.js,41
assembly,41
kotlin,35
angularjs,33
powershell,32
ssis,32
ssrs,30
powerbi,26
objective-c,15
rust,12
fortran,7
vhdl,7
vba,6
postgressql,5
lua,3
asm,1
