NEW JERSEY TOP KEYWORDS (2000 JOBS),COUNT
java,1851
sql,1463
aws,788
javascript,737
python,653
salesforce,624
angular,560
api,557
power,496
rest,489
apis,486
.net,351
css,331
git,326
react,314
html,311
devops,292
c#,287
bi,220
c++,211
html5,208
apex,207
mysql,182
jquery,180
shell,174
docker,157
js,149
c,139
css3,130
r,109
node.js,103
php,100
nodejs,94
scala,93
mongodb,92
ssis,82
node,78
reactjs,75
angularjs,73
kotlin,71
bash,67
ruby,42
powershell,40
ssrs,39
powerbi,34
swift,32
react.js,25
assembly,17
vba,12
objective-c,9
rust,2
asm,2
vhdl,2
postgressql,1
lua,1
