SOUTH CAROLINA TOP 500 WORDS (314 JOBS),COUNT
experience,1983
development,1065
work,884
business,706
years,691
ability,681
team,668
software,644
design,642
skills,601
data,589
systems,587
other,558
required,500
job,487
technical,480
requirements,476
solutions,475
developer,442
support,440
applications,413
knowledge,410
services,409
management,402
information,398
environment,393
position,384
company,374
application,363
must,348
degree,344
provide,342
working,342
tools,340
develop,328
system,325
including,325
status,323
security,308
related,304
employment,303
testing,302
within,301
using,287
web,273
project,271
technology,270
new,269
code,268
opportunity,266
programming,253
strong,249
may,248
computer,247
responsibilities,243
understanding,243
aws,242
database,241
projects,239
perform,237
more,234
qualifications,231
continuous,226
time,224
ensure,223
preferred,220
complex,215
integration,212
training,211
employees,211
agile,211
education,209
customer,207
maintain,203
analysis,200
able,199
such,198
applicants,198
equal,197
cloud,197
sql,196
implementation,191
java,190
duties,189
engineering,188
based,188
quality,187
test,185
national,184
programs,184
through,183
use,183
developing,182
build,181
minimum,181
gender,179
science,178
product,178
apply,177
disability,170
performance,169
service,169
location,169
technologies,167
needs,165
make,165
u.s,165
digital,164
medical,164
architecture,164
role,162
problems,161
process,161
responsible,160
platform,160
benefits,159
opportunities,159
need,159
employer,156
teams,156
members,152
individuals,152
meet,151
protected,150
functions,148
orientation,148
veteran,147
one,145
sexual,145
best,145
communication,144
standards,143
enterprise,143
clients,143
microsoft,142
processes,142
candidate,141
description,140
origin,140
level,140
professional,140
help,139
both,138
state,138
full,138
looking,137
race,137
federal,136
religion,136
lead,136
issues,135
color,135
.net,135
high,135
they,134
customers,134
clearance,133
identity,132
field,132
about,130
government,129
create,128
program,127
cgi,127
effective,126
practices,126
languages,124
also,123
include,122
age,122
client,122
user,121
delivery,121
essential,121
existing,121
documentation,120
south,120
server,120
please,119
determine,119
but,119
remote,118
solution,118
effectively,117
qualified,117
communicate,117
functional,116
assigned,116
advanced,116
employee,115
which,114
building,113
part,113
understand,113
carolina,113
good,113
plus,113
group,111
procedures,109
senior,108
appropriate,108
industry,108
while,108
javascript,107
health,107
frequent,107
written,106
research,106
maintenance,106
applicable,105
excellent,105
components,104
equivalent,103
activities,103
sex,102
join,102
life,102
provides,102
without,101
products,101
order,100
career,100
across,98
into,97
relevant,96
leadership,96
bachelor's,95
additional,95
veterans,95
staff,95
implement,94
charleston,94
goals,94
large,93
manager,93
etc,93
providing,92
action,92
department,92
how,92
competitive,91
python,91
production,90
local,90
tasks,89
considered,89
sales,89
should,88
pay,88
upon,88
current,88
offer,87
expertise,87
platforms,86
regard,86
content,86
future,86
improve,86
environments,86
maintaining,86
office,85
participate,85
culture,85
access,85
year,85
area,85
leading,84
review,84
operations,84
drive,84
innovative,84
travel,84
capabilities,83
developers,82
internal,82
organization,82
specifications,81
multiple,81
care,81
framework,81
most,81
highly,81
infrastructure,81
following,80
vision,80
reasonable,80
designing,80
concepts,80
manage,80
assist,79
deployment,79
basis,79
ensuring,79
subject,78
users,78
end,78
laws,78
spring,77
basic,76
impact,76
supporting,76
requires,76
desired,76
physical,76
angular,76
writing,76
deliver,75
unit,75
value,75
genetic,75
when,75
salesforce,75
power,75
receive,74
public,74
assistance,74
databases,74
methodologies,74
background,74
take,74
change,74
require,74
equipment,74
obtain,74
successful,73
plan,73
strategic,73
2021,73
plans,73
citizenship,73
specific,73
control,73
over,73
objectives,73
various,72
accommodation,72
investigation,72
coding,72
changes,72
reports,72
architect,72
summary,72
learn,71
analyze,71
areas,71
000,71
objects,71
needed,71
independently,70
implementing,70
scrum,70
people,70
success,69
rest,69
guidance,69
day,69
write,68
community,68
compliance,68
boeing,68
learning,68
like,67
powered,67
consideration,67
api,67
engineer,67
necessary,66
principles,66
comply,66
extensive,65
jazzhr,65
under,65
fully,65
seeking,65
features,65
resources,65
insurance,65
certification,65
analysts,65
candidates,65
problem,64
techniques,64
etc.,64
works,64
covid-19,63
stakeholders,63
safety,63
reporting,63
engineers,63
between,63
git,62
css,62
least,61
sap,61
key,61
solve,61
date,61
family,61
recommendations,61
available,61
planning,60
participates,60
complete,60
salary,60
only,60
transformation,60
mission,59
financial,59
designs,59
top,59
citizen,59
daily,59
closely,59
bachelor’s,58
accommodations,58
proven,58
patterns,58
demonstrated,57
job-related,57
operating,57
proficient,57
cycle,57
companies,57
devops,56
logic,56
limited,56
morgan,56
relationships,56
inc,56
certifications,56
identify,55
expert,55
executive,55
individual,55
efficient,55
adobe,55
policy,55
mobile,54
general,54
columbia,54
analytical,54
stack,54
professionals,54
talent,54
hands,54
being,54
establish,54
consulting,53
html,53
act,53
email,53
monitoring,53
enhancements,53
resolve,53
e.g,53
automation,53
these,53
visual,53
contact,53
university,53
marketing,53
paid,52
leader,52
jquery,52
workplace,52
global,52
strategy,52
type,52
creating,52
you'll,52
debug,51
hours,51
demonstrate,51
open,51
others,51
experienced,51
collaborative,51
marital,51
apis,51
floyd,51
eeo,51
immediate,51
requests,51
custom,51
yes,51
improvement,51
every,51
sharepoint,51
evaluate,50
collaborate,50
military,50
disabilities,50
used,50
manner,50
organizational,50
its,50
construction,50
comprehensive,49
legally,49
analytics,49
