TENNESSEE TOP 500 WORDS (560 JOBS),COUNT
experience,3036
development,1732
data,1668
work,1654
team,1374
business,1373
skills,1111
software,1092
design,1060
other,1047
ability,915
solutions,904
years,842
applications,795
technical,788
systems,769
job,765
knowledge,759
management,757
support,746
developer,745
new,745
services,729
information,726
position,725
requirements,697
working,669
required,658
including,652
environment,609
project,605
technology,600
application,597
company,572
status,561
develop,543
strong,533
using,527
tools,525
web,517
opportunity,511
more,496
sql,492
employment,489
technologies,460
one,458
code,457
provide,455
responsibilities,434
projects,431
employees,431
such,422
degree,418
members,418
qualifications,415
about,411
preferred,408
understanding,407
testing,404
product,391
system,390
related,383
must,378
role,377
quality,373
time,371
engineering,369
employer,363
national,363
through,358
science,356
security,355
best,354
build,353
developing,353
applicants,348
equal,342
cloud,340
across,338
process,337
disability,337
create,334
within,333
please,331
database,326
processes,323
customer,322
teams,322
computer,320
research,319
complex,319
ensure,318
qualified,318
opportunities,317
service,316
help,314
gender,310
may,309
communication,308
based,308
apply,304
analysis,303
benefits,297
practices,294
use,294
part,294
lead,292
which,289
medical,287
level,284
maintain,283
group,283
java,282
building,281
health,280
agile,279
individuals,279
people,278
customers,278
protected,277
needs,273
able,272
standards,269
include,268
microsoft,268
professional,268
client,263
test,262
programming,261
cgi,260
responsible,258
program,256
.net,255
duties,252
training,252
join,252
like,252
minimum,251
education,251
candidate,250
need,249
clients,246
products,245
programs,245
high,243
problems,243
they,243
analytics,242
user,240
orientation,238
description,237
into,235
where,235
field,234
performance,233
industry,232
delivery,231
reports,231
sexual,231
leadership,230
identity,228
written,226
but,223
enterprise,221
nashville,221
make,220
architecture,219
multiple,219
vision,218
u.s,218
existing,217
race,217
integration,216
server,216
digital,216
javascript,216
both,215
looking,215
without,213
etc,212
platform,212
color,210
learning,209
origin,209
office,207
organization,206
age,206
expertise,204
veteran,203
full,202
career,202
excellent,201
procedures,200
deliver,200
plus,199
learn,199
engineer,199
understand,198
value,198
leading,198
tasks,195
religion,195
senior,194
developers,193
implementation,193
providing,193
vanderbilt,193
culture,192
employee,192
plan,192
key,191
needed,191
care,191
functions,190
candidates,189
life,189
insurance,188
successful,187
mission,187
university,186
aws,185
manage,185
while,184
core,184
provides,183
paid,182
its,182
world,182
azure,181
united,181
documentation,180
also,180
assist,179
tennessee,179
equivalent,178
meet,177
construction,175
perform,174
creating,174
fitness,174
manager,173
healthcare,173
global,173
continuous,173
collaborate,172
center,171
control,170
implement,170
pay,170
reporting,170
basic,169
year,169
sales,169
infrastructure,168
day,167
future,167
designing,167
identify,166
growth,166
automation,164
improve,164
demonstrated,164
site,163
goals,163
internal,163
issues,162
most,162
them,161
you'll,160
great,159
bachelor's,157
when,157
python,157
sex,156
department,156
operations,155
etl,154
email,153
community,153
platforms,153
under,153
pilot,153
participate,152
additional,152
relevant,152
production,152
local,152
those,151
intelligence,151
verbal,150
each,150
advanced,149
how,149
others,149
activities,148
highly,147
appropriate,146
hospital,146
access,145
member,145
competitive,145
success,144
databases,144
react,144
accommodation,144
diversity,144
drive,143
following,142
every,142
individual,142
than,142
power,142
basis,142
users,141
engineers,140
functional,140
plans,140
languages,140
growing,139
professionals,139
writing,138
html,138
top,137
various,136
these,136
staff,136
proficiency,136
critical,136
specifications,136
warehouse,136
current,135
impact,135
take,135
familiarity,135
hospitals,135
large,135
framework,134
only,134
background,133
compensation,133
remote,132
areas,132
complete,132
independently,131
oracle,130
least,130
because,130
analytical,130
innovative,130
diverse,130
out,129
should,128
committed,128
solution,128
federal,128
effectively,128
good,127
essential,127
focus,126
some,126
frameworks,126
end,126
place,126
seeking,125
want,125
occasional,125
stakeholders,124
here,124
regard,123
delivering,122
communicate,122
area,122
methodologies,122
search,122
marketing,122
features,121
assigned,121
content,121
open,121
problem,120
states,120
disabilities,119
leader,119
market,119
deployment,118
api,118
components,118
receive,117
variety,117
over,117
considered,117
stack,116
analyze,116
we're,116
physical,115
proven,115
resources,114
grow,114
action,114
direction,113
css,113
mobile,113
implementing,112
travel,112
way,112
initiatives,112
planning,111
operational,111
review,111
necessary,111
financial,111
models,111
change,111
strategy,111
requires,111
veterans,111
supporting,110
maintenance,110
challenges,110
investigation,110
coding,109
offer,109
named,109
used,109
capabilities,108
location,108
applicable,108
concepts,108
resumes,108
come,108
ideas,107
maintaining,107
state,107
rest,106
apis,106
relational,106
experienced,105
available,105
salary,105
environments,105
partners,105
commitment,104
passion,103
source,103
works,102
genetic,102
companies,102
expert,102
equipment,102
document,102
closely,102
contribute,101
assistance,101
collaborative,101
consideration,101
e.g,101
solving,101
summary,100
specific,100
effective,100
limited,100
marital,100
salesforce,99
etc.,99
reasonable,99
techniques,99
upon,99
comprehensive,99
spring,99
own,99
managers,99
strategic,99
serve,99
store,99
scrum,98
proficient,98
dashboards,98
been,98
directly,98
000,98
military,98
around,97
compliance,96
planet,96
results,95
law,95
hours,95
right,95
largest,95
number,95
requisition,95
being,94
strategies,93
person,93
cycle,93
would,93
develops,93
family,93
principles,92
100,92
