UTAH TOP KEYWORDS (488 JOBS),COUNT
java,265
javascript,244
aws,201
sql,185
apis,139
salesforce,137
react,128
css,111
python,108
api,105
rest,102
angular,100
c#,100
html,96
git,94
devops,93
.net,88
power,82
docker,60
ruby,52
mysql,49
apex,46
r,45
php,41
swift,41
node.js,39
node,38
bi,33
nodejs,29
c++,26
c,25
jquery,20
shell,19
mongodb,18
html5,17
js,15
angularjs,15
bash,15
reactjs,12
objective-c,12
powerbi,7
ssis,7
css3,7
scala,7
kotlin,6
react.js,5
ssrs,4
powershell,3
vhdl,3
verilog,3
postgressql,2
rust,2
assembly,2
vba,1
