VERMONT TOP 500 WORDS (22 JOBS),COUNT
experience,93
development,73
work,65
skills,54
design,50
team,49
required,45
software,45
business,44
ability,40
support,40
including,38
data,37
new,34
computer,33
systems,32
technologies,32
position,32
more,31
job,31
knowledge,31
state,30
construction,29
database,28
information,28
product,28
other,27
status,26
employment,25
technology,25
technical,25
requirements,24
years,24
customer,24
system,23
developer,23
about,23
project,23
plan,23
solutions,23
responsibilities,23
working,23
opportunity,22
develop,22
management,22
environment,21
within,21
may,20
must,20
teams,20
benefits,20
service,20
application,20
processes,20
standards,20
qualifications,19
services,19
ensure,19
sql,18
administration,18
employees,18
employer,18
applications,18
process,18
include,18
vermont,17
tools,17
code,17
strong,17
employee,17
high,17
time,17
role,17
practices,17
using,17
based,16
science,16
career,16
quality,16
salesforce,15
help,15
analysis,15
compensation,15
maintain,15
related,15
companies,15
best,15
into,15
projects,15
preferred,14
office,14
apply,14
duties,14
degree,14
network,14
java,14
health,14
communication,14
vision,14
needs,14
architecture,14
blackrock,14
learn,13
open,13
please,13
schedule,13
programming,13
program,13
diversity,13
responsible,13
while,13
individuals,13
existing,13
customers,13
company,13
learning,13
individual,13
opportunities,13
minimum,12
medical,12
cost,12
committed,12
web,12
reports,12
complex,12
background,11
server,11
core,11
power,11
day,11
multiple,11
flexible,11
equal,11
problems,11
where,11
understanding,11
written,11
reporting,11
issues,11
general,11
sales,11
looking,10
agile,10
contact,10
total,10
but,10
than,10
paid,10
also,10
basis,10
national,10
disability,10
gender,10
organization,10
internal,10
you'll,10
build,10
people,10
level,10
provide,10
goals,10
equivalent,10
enterprise,10
industry,10
demonstrated,10
candidate,9
one,9
current,9
right,9
applicants,9
like,9
balance,9
group,9
insurance,9
providing,9
race,9
color,9
religion,9
origin,9
age,9
physical,9
sexual,9
orientation,9
full,9
values,9
reviews,9
make,9
effectively,9
implementation,9
lead,9
they,9
both,9
abilities,9
staff,9
value,9
research,9
expertise,9
performance,9
store,9
languages,8
frameworks,8
assigned,8
members,8
two,8
features,8
life,8
each,8
jobs,8
variety,8
marital,8
through,8
positive,8
effective,8
every,8
security,8
improve,8
products,8
delivery,8
developing,8
meetings,8
client,8
processing,8
deployment,8
globalfoundries,8
operations,8
manner,8
safety,8
tasks,8
configuration,8
create,8
order,8
needed,8
provides,8
meet,8
veritas,8
adam,8
hergenrother,8
commercial,8
culture,8
department,7
operating,7
mission,7
success,7
location,7
being,7
performed,7
there,7
users,7
includes,7
great,7
reimbursement,7
wellness,7
qualified,7
inclusion,7
sex,7
identity,7
family,7
actions,7
programs,7
remote,7
solve,7
global,7
use,7
supports,7
cloud,7
model,7
grow,7
problem,7
salary,7
digital,7
seeking,7
deep,7
across,7
verbal,7
relationships,7
care,7
analytics,7
perform,7
engineering,7
successful,7
completion,7
highly,7
which,7
local,7
conditions,7
good,7
performing,7
addition,7
demonstrates,7
field,7
platform,7
oracle,7
solving,7
developed,7
manage,7
integration,7
equipment,7
review,7
haemonetics,7
guide,7
brands,7
wsi,7
months,7
join,6
methodologies,6
javascript,6
linux,6
understand,6
external,6
posting,6
check,6
fully,6
testing,6
standard,6
it's,6
state's,6
dental,6
benefit,6
generous,6
public,6
want,6
website,6
respect,6
represents,6
does,6
discriminate,6
decisions,6
world,6
way,6
analyzing,6
deliver,6
infrastructure,6
react,6
part,6
key,6
implement,6
drive,6
professionals,6
proven,6
communicate,6
creating,6
supporting,6
independently,6
hours,6
concepts,6
platforms,6
without,6
functions,6
ideas,6
leading,6
essential,6
activities,6
requests,6
applicable,6
excellence,6
studio,6
education,6
necessary,6
competencies,6
architect,6
procedures,6
when,6
excellent,6
deadlines,6
diverse,6
planning,6
protected,6
construction’s,6
approach,6
manager,6
leadership,6
contract,6
accounting,6
architectural,6
pearson,6
administrator,6
marathon,6
home,6
labor,5
devops,5
git,5
quickly,5
things,5
troubleshooting,5
would,5
same,5
considered,5
subject,5
regular,5
environmental,5
setting,5
competing,5
package,5
healthcare,5
accounts,5
holidays,5
year,5
leave,5
social,5
pregnancy,5
expression,5
union,5
domestic,5
partnership,5
present,5
genetic,5
bring,5
identify,5
spring,5
receive,5
candidates,5
collaborate,5
lives,5
here,5
onlogic,5
libraries,5
analytical,5
passionate,5
growing,5
them,5
choice,5
innovative,5
look,5
inclusive,5
upon,5
participate,5
personal,5
automation,5
plus,5
financial,5
clients,5
expected,5
basic,5
workflows,5
offer,5
summary,5
visual,5
policies,5
veteran,5
production,5
end,5
able,5
record,5
control,5
direct,5
timely,5
site,5
integrated,5
community,5
market,5
enable,5
everything,5
critical,5
databases,5
desirable,5
back,5
monitoring,5
architectures,5
apex,5
description,5
complete,5
resources,5
limited,5
documentation,5
vendor,5
payroll,5
overall,5
talent,5
patterns,5
corporate,5
own,5
electrical,5
ecommerce,5
building,5
changes,5
full-time,5
plans,5
administering,5
fte,5
overview,4
vb.net,4
html,4
windows,4
.net,4
automate,4
its,4
list,4
above,4
mentor,4
note,4
filled,4
via,4
e-mail,4
online,4
covid-19,4
some,4
outside,4
bachelor's,4
associate's,4
outstanding,4
