WASHINGTON TOP KEYWORDS (1966 JOBS),COUNT
aws,1399
java,918
sql,734
javascript,684
c#,619
python,530
apis,524
salesforce,515
power,496
c++,480
react,461
api,399
.net,381
devops,375
rest,305
css,267
html,249
c,230
git,199
docker,199
angular,198
bi,183
node.js,102
jquery,94
ruby,92
mysql,86
php,82
html5,78
r,74
swift,69
nodejs,69
apex,68
powershell,67
kotlin,65
js,65
node,60
mongodb,59
shell,52
scala,49
css3,42
rust,41
bash,34
ssis,34
reactjs,33
ssrs,33
powerbi,32
angularjs,30
react.js,25
objective-c,21
assembly,17
lua,5
postgressql,4
vba,4
fortran,2
asm,1
