LOUISVILLE TOP 250 WORDS (89 JOBS),COUNT
experience,408
work,263
data,211
development,209
team,178
business,171
software,156
skills,148
design,147
developer,123
job,119
required,119
solutions,117
applications,113
support,112
ability,112
technical,109
years,106
environment,95
requirements,94
management,93
knowledge,90
other,89
services,87
company,86
develop,85
technology,85
systems,84
working,83
using,79
opportunity,77
technologies,75
employment,69
position,69
more,65
including,64
code,64
application,62
testing,62
information,61
new,61
related,60
provide,60
training,59
customer,59
product,59
teams,58
status,56
web,56
agile,55
preferred,55
description,54
sql,54
.net,54
strong,54
tools,53
maintenance,53
production,53
best,52
time,52
about,52
ensure,52
degree,52
project,51
quality,51
building,51
customers,51
opportunities,50
process,50
role,50
products,50
through,49
within,49
must,49
equipment,49
benefits,48
louisville,48
communication,47
based,46
practices,46
build,46
projects,46
equal,46
employer,46
disability,46
client,44
lead,44
responsible,44
computer,44
help,43
engineering,43
service,43
but,43
microsoft,43
create,42
across,42
gender,42
qualifications,42
cloud,42
developing,41
system,41
one,41
perform,41
into,41
excellent,41
applicants,40
national,40
responsibilities,40
ctdi,40
clients,39
looking,39
architecture,39
field,39
platform,38
issues,38
innovative,38
such,38
schott,38
analysis,37
needs,37
without,37
power,37
able,37
employees,37
complex,37
engineer,36
like,35
high,35
please,35
organization,35
protected,35
planning,35
advanced,35
intelligence,35
delivery,34
leadership,34
senior,34
origin,34
apply,33
deliver,33
out,33
science,33
performance,33
test,33
global,33
use,33
java,33
than,32
sales,32
need,32
orientation,32
diverse,32
basis,32
user,32
operations,32
integration,32
understanding,31
identity,31
race,31
color,31
religion,31
age,31
angular,31
problems,31
mobile,31
both,31
education,31
provides,30
receive,30
good,30
industry,30
career,30
sexual,30
life,30
agency,30
standards,29
understand,29
maintain,29
core,29
while,29
culture,29
activities,28
automation,28
success,28
qualified,28
people,28
veteran,28
analytical,28
make,28
growth,28
necessary,28
decisions,28
dental,28
growing,28
department,28
ups,28
processes,28
day,27
solution,27
full,27
which,27
candidates,27
identify,27
documentation,27
leading,27
digital,27
contact,27
location,27
reports,27
android,27
tasks,27
program,27
level,26
resumes,26
components,26
functional,26
may,26
functions,26
vision,26
they,26
store,26
unit,26
also,26
javascript,25
equivalent,25
applicable,25
employee,25
sex,25
law,25
azure,25
implementation,25
where,25
needed,25
framework,25
languages,25
unsolicited,25
members,24
multiple,24
devops,24
server,24
levels,24
000,24
duties,24
minimum,24
leader,24
you'll,24
set,23
participate,23
value,23
health,23
