DENVER TOP KEYWORDS (1176 JOBS),COUNT
java,495
sql,495
apis,483
aws,467
javascript,410
rest,382
power,380
python,362
api,301
salesforce,254
devops,253
react,218
git,207
.net,200
c#,199
docker,188
html,172
angular,167
css,158
c++,156
c,108
bi,107
mysql,103
ruby,97
r,78
php,77
node.js,72
jquery,71
js,61
node,56
shell,55
apex,55
swift,50
nodejs,50
bash,42
html5,39
mongodb,36
angularjs,36
kotlin,34
scala,30
powershell,30
css3,27
ssrs,24
ssis,23
reactjs,19
objective-c,16
react.js,15
vba,14
assembly,12
powerbi,11
rust,8
postgressql,6
fortran,1
