NASHVILLE TOP 50 WORDS (277 JOBS),COUNT
experience,1477
work,861
development,856
team,768
data,668
business,645
new,511
skills,509
other,500
software,496
design,460
years,413
services,412
solutions,411
support,408
developer,397
technical,391
applications,380
job,378
knowledge,377
information,376
working,364
ability,364
systems,352
health,344
position,332
management,329
application,323
technology,319
required,318
including,312
requirements,304
status,297
project,287
one,283
·,271
company,267
more,259
opportunity,254
technologies,254
environment,254
web,250
cloud,249
employment,247
medical,246
vanderbilt,245
strong,242
nashville,241
best,232
using,230
