TOP WORDS OVERALL (20779 JOBS),COUNT
experience,118948
work,59855
development,57084
team,53539
business,41471
software,41417
skills,37158
design,36437
data,36176
years,30844
other,29530
technical,29034
solutions,28528
developer,28126
ability,26849
job,26524
working,26200
services,25205
management,25126
new,24759
technology,24657
support,24440
systems,23948
knowledge,23631
requirements,23607
including,23220
status,23023
opportunity,22443
more,21685
required,21082
information,20950
strong,20008
applications,18449
engineering,17898
environment,17647
technologies,17312
company,17194
product,16612
teams,14816
application,14423
about,13429
tools,13295
using,11920
cloud,9851
employment,9650
develop,9311
customers,8134
web,7805
role,7770
position,6947
disability,6419
project,6240
code,5778
platform,5287
build,5262
java,4657
best,4521
must,4365
provide,3927
time,3925
·,3780
employees,3779
equal,3718
building,3577
microsoft,3446
customer,3396
help,3388
qualifications,3224
products,3121
degree,3060
twilio,2957
world,2903
system,2637
financial,2633
understanding,2553
raytheon,2469
benefits,2376
protected,2328
gender,2227
space,1957
global,1920
across,1889
clients,1751
people,1579
fitness,1495
testing,1461
employer,1424
program,1315
colorado,1190
members,1138
one,1128
united,1061
planet,933
projects,864
such,834
preferred,809
responsibilities,803
aerospace,766
through,689
test,680
agile,657
sql,642
bestco,627
may,491
practices,447
banking,447
small,362
health,344
salesforce,278
medical,246
pf,246
vanderbilt,245
nashville,241
hotel,204
insurance,196
san,182
omni,171
service,170
able,161
oklahoma,149
high,149
city,140
ensure,134
club,132
million,125
up,120
square,119
toptal,91
career,80
freelance,78
top,65
developers,58
full-time,54
network,53
community,35
next,31
you're,27
potential,27
so,27
share,27
usd,26
leading,26
elite,26
world's,26
3%,26
choose,26
jobs,26
overhead,26
programs,26
experts,26
advantage,26
you'll,25
like,21
paid,17
every,17
additional,17
